Emplyee name	Emplyee name	common
Adalberto W Creek	Adalberto W Creek	Y
Aiko Blossom	Adelaide L Harrop	N
Alexis Q Grose	Alexis Q Grose	Y
Aliza X Sammons	Allyn O Farrior	N
Allyn O Farrior	America V Lobel	N
Alysia Basil	Amiee Z Chaffins	N
America V Lobel	Andrew Detweiler	N
Ashlie G Cadena	Asa E Kunze	N
Asuncion X Braunstein	August C Navarette	N
August C Navarette	Bell N Molinaro	N
Aurelio K Wyckoff	Bennie E Manfredi	N
Bennie E Manfredi	Benny S Brinker	N
Bernie M Kish	Bernie M Kish	Y
Beryl Helsel	Brendon E Mone	N
Bong M Alvares	Bridget D Spadaro	N
Brande Sevier	Buck H Rancourt	N
Brendon E Mone	Cameron A Chamberland	N
Carolynn V Moynihan	Candelaria Q Zajicek	N
Cassaundra K Polito	Candelaria Zajicek	N
Cecily D Houser	Carlotta T Ryles	N
Charity N Denman	Carmelia E Bergeron	N
Christie Rodger	Cedric N Cavallo	N
Clara B Sifuentes	Christene F Blakemore	N
Clemente S Wiechmann	Christie Rodger	N
Daniel L Nava	Cliff Skipworth	N
Danilo S Hammes	Cole N Poling	N
Dawne Y Gardner	Deanna P Scoggin	N
Devin Hales	Dee Joslyn	N
Dwain Upham	Detra D Rymer	N
Edmund Mcclung	Devin Hales	N
Ela K Hames	Digna Q Eck	N
Eliz R Linneman	Doyle Utter	N
Elvis Stroh	Dulce E Grizzard	N
Elvis Veiga	Edmund Mcclung	N
Fernando S Korhonen	Ela K Hames	N
Garrett S Nolette	Eldridge B Bose	N
Gidget X Loring	Elsy B Latta	N
Hassan Radabaugh	Elvis J Stroh	N
Honey D Eaves	Elvis Veiga	N
Inocencia Z Buteau	Fernando S Korhonen	N
Jamel Meaney	Gabriel E Pearsall	N
Janie P Caswell	Garnett Dryer	N
Jc S Meyers	Garrett Nolette	N
Jeff E Lucero	Garrett S Nolette	N
Jeneva Y Bybee	Grisel R Whitty	N
Jerlene P Dunnigan	Harland S Renshaw	N
Jim J Lurie	Honey D Eaves	N
Jocelyn Q Scotti	Hong M Townson	N
Jody K Rude	Inocencia Z Buteau	N
Jon Behler	Jamaal Z Resto	N
Kasi Blakeslee	Jamel Meaney	N
Katie N Kinnison	Janie P Caswell	N
Keira Y Till	Jayson S Carrol	N
Kendrick C Burchette	Jenni Olguin	N
Kieth G Coney	Jocelyn Q Scotti	N
Kristofer N Calahan	Jody K Rude	N
Kristopher Alejos	Jolanda Dewees	N
Kylie K Freda	Jon Arvizu	N
Lamar W Estill	Jordan Phu	N
Larisa Still	Julius Q Stock	N
Larry K Mash	Kassie Q Binder	N
Lavada Maldanado	Katie N Kinnison	N
Leanna X Tibbetts	Keila A Lucas	N
Leif Harness	Keira Y Till	N
Lenny U Rister	Ken X Weisberg	N
Liberty A Shroyer	Kenton Q Villalta	N
Linette Q Menard	Kimberlee J Hawkins	N
Lona T Collar	Kristopher Alejos	N
Lorriane P Ho	Lamar W Estill	N
Lowell Demmer	Larisa Still	N
Mack L Lykes	Larry K Mash	N
Margrett M Confer	Latia Gleaton	N
Mathilda Monty	Launa N Kohl	N
Mauricio I Streets	Laurena P Caston	N
Maximina K Frates	Lenny U Rister	N
Mervin Goering	Loren H Mckenzie	N
Mina P Shotwell	Lorriane P Ho	N
Mina Shotwell	Lyn Tso	N
Morgan Leonetti	Margrett M Confer	N
Neomi P Pitchford	Maximina K Frates	N
Nikia Z Thrasher	Micaela N Buker	N
Novella B Osman	Narcisa C Rayburn	N
Oren M Mcnabb	Nettie T Mccandless	N
Otha Sylvester	Oren M Mcnabb	N
Patria D Riedel	Oren Mcnabb	N
Phillip Crabill	Orval Q Olinger	N
Rachelle M Burkhead	Patria D Riedel	N
Raymundo Pecora	Raymundo Pecora	Y
Reed Vella	Reinaldo G Castellanos	N
Reinaldo G Castellanos	Reynaldo S Service	N
Renaldo K Cheatham	Sammy C Holtzclaw	N
Roberto U Derry	Sarita P Schubert	N
Rolando Womble	Scott D Torrey	N
Russel Baumer	Shanti P Brinegar	N
Sammy C Holtzclaw	Shavonne Henkle	N
Sarita P Schubert	Sherwood K Shire	N
Sherwood K Shire	Sol K Roger	N
Sheryll X Broadbent	Stephan Q Ranger	N
Stephan Q Ranger	Stewart Mazurek	N
Sylvester Z Blackledge	Susana H Hooks	N
Tamera Balser	Tamera Balser	Y
Titus Eide	Taneka Q Church	N
Troy J Higbee	Taylor Thill	N
Valene Z Woodmansee	Therese Q Belden	N
Vaughn Garica	Tiny Q Llanos	N
Vern T Lomeli	Toney O Gentle	N
Walton S Keim	Toney W Bollman	N
	Toya B Rawlins	N
	Valene Z Woodmansee	N
	Vaughn Garica	N
	Vernell X Amado	N
	Vikki N Lezama	N
	Violet L Ertel	N
	Walton S Keim	N
	Willia Vath	N
	Windy A Dudek	N
	Wm S Goldschmidt	N
